[
	{
		"label": "Minimalistic",
		"flags": "0x301C",
		"style": 2,
		"bg_color": "#0",
		"text_color": "#ffffffff",
		"icons_color": "#46ffffff",
		"shadow_alpha": "0x0",
		"aa_alpha": "0xFF",
		"font_family": 3,
		"font_size": 2,
		"title_font_size": 5
	},
	{"label":"With Background","flags":"0x1088","style":5,"bg_color":"#72000000","text_color":"#ffffffff","icons_color":"#ffffffff","shadow_alpha":"0x0","aa_alpha":"0xff",
	"font_family":3,"font_size":4,"title_font_size":5},	
	{
		"label": "Minimalistic Dark",
		"flags": "0x208",
		"style": 1,
		"bg_color": "#0",
		"text_color": "#ff000000",
		"icons_color": "#3e000000",
		"shadow_alpha": "0x0",
		"aa_alpha": "0xFF",
		"font_family": 0,
		"font_size": 1,
		"title_font_size": 6
	},	
	{
		"label": "Minimalistic Light",
		"flags": "0x18",
		"style": 1,
		"bg_color": "#0",
		"text_color": "#ffffffff",
		"icons_color": "#46ffffff",
		"shadow_alpha": "0x0",
		"aa_alpha": "0xFF",
		"font_family": 3,
		"font_size": 2,
		"title_font_size": 5
	},
	{
		"label": "Text Only 1",
		"flags": "0x8",
		"style": 1,
		"bg_color": "#0",
		"text_color": "#ffffffff",
		"icons_color": "#ffffff",
		"shadow_alpha": "0x0",
		"aa_alpha": "0xFF",
		"font_family": 3,
		"font_size": 3,
		"title_font_size": 5
	},
	{
		"label": "Text Only 2",
		"flags": "0x8",
		"style": 1,
		"bg_color": "#0",
		"text_color": "#ff000000",
		"icons_color": "#ffffff",
		"shadow_alpha": "0x0",
		"aa_alpha": "0xFF",
		"font_family": 1,
		"font_size": 3,
		"title_font_size": 10
	},
	{
		"label": "Flat",
		"flags": "FLAG_AA|FLAG_META|FLAG_FLAT",
		"style": 7,
		"bg_color": "#aa000000",
		"text_color": "#ffffffff",
		"icons_color": "#ffffffff",
		"shadow_alpha": "0x55",
		"aa_alpha": "0xc7",
		"font_family": 3,
		"font_size": 4,
		"title_font_size": 6
	},
	{
		"label": "Flat 2",
		"flags": "FLAG_AA|FLAG_META|FLAG_TITLE_FONT_BOLD|FLAG_FLAT",
		"style": 2,
		"bg_color": "#88000000",
		"text_color": "#ffffffff",
		"icons_color": "#ffffffff",
		"shadow_alpha": "0x0",
		"aa_alpha": "0xFF",
		"font_family": 0,
		"font_size": 3,
		"title_font_size": 4
	},	

	{"label":"Thin","flags":"0x320c","style":1,"bg_color":"#2e000000","text_color":"#ffffffff","icons_color":"#ffffffff",
		"shadow_alpha":"0x9a","aa_alpha": "0xFF","font_family":4,"font_size":4,"title_font_size":6},

	{
		"label": "Big Text 1",
		"flags": "0x301c",
		"style": 1,
		"bg_color": "#0",
		"text_color": "#ffffffff",
		"icons_color": "#b0ffffff",
		"shadow_alpha": "0x0",
		"aa_alpha": "0xFF",
		"font_family": 1,
		"font_size": 1,
		"title_font_size": 7
	},
	{
		"label": "Big Text 2",
		"flags": "0x301c",
		"style": 1,
		"bg_color": "#5d000000",
		"text_color": "#ffffffff",
		"icons_color": "#b0ffffff",
		"shadow_alpha": "0x0",
		"aa_alpha": "0xFF",
		"font_family": 5,
		"font_size": 1,
		"title_font_size": 7
	},
	{
		"label":"Grey",
		"flags":"0x101c",
		"style":2,
		"bg_color":"#ed262626",
		"text_color":"#ffffffff",
		"icons_color":"#ffedf8ff",
		"shadow_alpha":"0x00",
		"aa_alpha": "0xFF",
		"font_family":0,
		"font_size":2,
		"title_font_size":5
	},	
	{
		"label": "White",
		"flags": "0x309c",
		"style": 1,
		"bg_color": "#eeffffff",
		"text_color": "#FF000000",
		"icons_color": "#FF000000",
		"shadow_alpha": "0x00",
		"aa_alpha": "0xFF",
		"font_family": 0,
		"font_size": 3,
		"title_font_size": 4,
		"corner_radius": 3
	},
	{"label":"Blue","flags":"0x101c","style":5,"bg_color":"#cf6599e4","text_color":"#ffffffff","icons_color":"#ffedf8ff",
		"shadow_alpha":"0x99","aa_alpha": "0xFF","font_family":0,"font_size":2,"title_font_size":5,
	"corner_radius": 4},
	{
		"label": "With Background 2",
		"flags": "FLAG_AA|FLAG_META|FLAG_META_BG|FLAG_AA_SHADOW|FLAG_TITLE_FONT_BOLD|FLAG_FLAT",
		"style": 2,
		"font_size": 3,
		"title_font_size": 4,
		"shadow_alpha": "0x00",
		"aa_alpha": "0xFF",
		"bg_color": "#88000000",
		"text_color": "@color/widget_text_color_1",
		"icons_color": "@color/widget_default_icons_color",
		"corner_radius": 4
	},
	{
		"label": "Rounded",
		"flags": "FLAG_AA|FLAG_META|FLAG_META_BG|FLAG_AA_SHADOW|FLAG_TITLE_FONT_BOLD",
		"style": 1,
		"font_size": 3,
		"title_font_size": 4,
		"shadow_alpha": "0x00",
		"aa_alpha": "0xFF",
		"bg_color": "#44000000",
		"text_color": "@color/widget_text_color_1",
		"icons_color": "@color/widget_default_icons_color",
		"corner_radius": 8
	}
]

