[
	{
		"type": "2x2",
		"label": "Oval MU",
		"flags": "0x509c",
		"style": 1,
		"bg_color": "#a22e2f41",
		"bg_color_res": "@17170510",
		"text_color": "#ffffffff",
		"text_color_res": "@17170487",
		"icons_color": "#ffffffff",
		"icons_color_res": "@17170487",
		"shadow_alpha": "0xff",
		"corner_radius": 16,
		"aa_alpha": "0xff",
		"font_family": 17,
		"font_size": 0,
		"title_font_size": 6,
		"aa_corner_radius": 16,
		"padding_hor": 20.0,
		"padding_ver": -8.0,
		"padding_ver2": -7.0,
		"text_align": 0,
		"theme": 0,
		"button_color": "#ff555899",
		"button_color_res": "@17170495"
	},
	{
		"type": "2x2",
		"label": "Oval MU 2",
		"flags": "0x509c",
		"style": 1,
		"bg_color": "#a22e2f41",
		"bg_color_res": "@17170510",
		"text_color": "#ffffffff",
		"text_color_res": "@17170487",
		"icons_color": "#ffffffff",
		"icons_color_res": "@17170487",
		"shadow_alpha": "0xff",
		"corner_radius": 16,
		"aa_alpha": "0xff",
		"font_family": 17,
		"font_size": 0,
		"title_font_size": 2,
		"aa_corner_radius": 16,
		"padding_hor": 20,
		"padding_ver": 11,
		"theme": 0,
		"button_color": "#ff555899",
		"button_color_res": "@17170495",
		"padding_ver2": -10
	},
	{
		"type": "2x2",
		"label": "Oval MU 3",
		"flags": "0x509c",
		"style": 1,
		"bg_color": "#ff555899",
		"bg_color_res": "@17170495",
		"text_color": "#fff0efff",
		"text_color_res": "@17170489",
		"icons_color": "#ffbec2ff",
		"icons_color_res": "@17170491",
		"shadow_alpha": "0xff",
		"corner_radius": 16,
		"aa_alpha": "0xff",
		"font_family": 17,
		"font_size": 0,
		"title_font_size": 2,
		"aa_corner_radius": 16,
		"padding_hor": 20,
		"padding_ver": 11,
		"theme": 1,
		"button_color": "#ff555899",
		"button_color_res": "@17170495",
		"padding_ver2": -10
	},
	{
		"type": "2x2",
		"label": "Oval MU 4",
		"flags": "0x509c",
		"style": 1,
		"bg_color": "#ff5c5d71",
		"bg_color_res": "@17170508",
		"text_color": "#fff0efff",
		"text_color_res": "@17170502",
		"icons_color": "#ffc5c5dd",
		"icons_color_res": "@17170504",
		"shadow_alpha": "0xff",
		"corner_radius": 16,
		"aa_alpha": "0xff",
		"font_family": 17,
		"font_size": 0,
		"title_font_size": 2,
		"aa_corner_radius": 16,
		"padding_hor": 21,
		"padding_ver": 19,
		"theme": 1,
		"button_color": "#ff5c5d71",
		"button_color_res": "@17170508",
		"padding_ver2": -8
	},
	{
		"type": "2x2",
		"label": "Oval MU 5",
		"flags": "0x5098",
		"style": 1,
		"bg_color": "#ff5f5e62",
		"bg_color_res": "@17170469",
		"text_color": "#fff3eff4",
		"text_color_res": "@17170463",
		"icons_color": "#ffc8c6ca",
		"icons_color_res": "@17170465",
		"shadow_alpha": "0xff",
		"corner_radius": 16,
		"aa_alpha": "0xff",
		"font_family": 17,
		"font_size": 0,
		"title_font_size": 2,
		"aa_corner_radius": 16,
		"padding_hor": 33,
		"padding_ver": 9,
		"theme": 1,
		"button_color": "#ff5f5e62",
		"button_color_res": "@17170469",
		"padding_ver2": -5
	},
	{
		"type": "2x2",
		"label": "Circle MU",
		"flags": "0x1088",
		"style": 1,
		"bg_color": "#ff555899",
		"bg_color_res": "@17170495",
		"text_color": "#fff0efff",
		"text_color_res": "@17170489",
		"icons_color": "#ffbec2ff",
		"icons_color_res": "@17170491",
		"shadow_alpha": "0xff",
		"corner_radius": 16,
		"aa_alpha": "0xCC",
		"font_family": 17,
		"font_size": 0,
		"title_font_size": 2,
		"aa_corner_radius": 16,
		"padding_hor":23.0,
		"padding_ver":28.0,
		"padding_ver2":-7.0,
		"theme": 1,
		"button_color": "#ff555899",
		"button_color_res": "@17170495"
	},
	{
		"type": "2x2",
		"label": "Circle MU 2",
		"flags": "0x1088",
		"style": 1,
		"bg_color": "#ff814e6f",
		"bg_color_res": "@17170521",
		"text_color": "#ffffecf6",
		"text_color_res": "@17170515",
		"icons_color": "#fff2b4da",
		"icons_color_res": "@17170517",
		"shadow_alpha": "0xff",
		"corner_radius": 16,
		"aa_alpha": "0xCC",
		"font_family": 17,
		"font_size": 0,
		"title_font_size": 2,
		"aa_corner_radius": 16,
		"padding_hor":23.0,
		"padding_ver":28.0,
		"padding_ver2":-7.0,
		"theme": 1,
		"button_color": "#ff814e6f",
		"button_color_res": "@17170521"
	},
	{
		"type": "2x2",
		"label": "Circle MU 3",
		"flags": "0x1088",
		"style": 1,
		"bg_color": "#ff5f5e62",
		"bg_color_res": "@17170469",
		"text_color": "#fff3eff4",
		"text_color_res": "@17170463",
		"icons_color": "#ffc8c6ca",
		"icons_color_res": "@17170465",
		"shadow_alpha": "0xff",
		"corner_radius": 16,
		"aa_alpha": "0xff",
		"font_family": 17,
		"font_size": 0,
		"title_font_size": 2,
		"aa_corner_radius": 16,
		"padding_hor":23.0,
		"padding_ver":28.0,
		"padding_ver2":-7.0,
		"theme": 1,
		"button_color": "#ff5f5e62",
		"button_color_res": "@17170469"
	},
	{
		"type": "2x2",
		"label": "Circle MU 4",
		"flags": "0x300c",
		"style": 2,
		"bg_color": "#330b29",
		"bg_color_res": "@17170524",
		"text_color": "#ffffecf6",
		"text_color_res": "@17170515",
		"icons_color": "#ffffecf6",
		"icons_color_res": "@17170515",
		"shadow_alpha": "0xff",
		"corner_radius": 12,
		"aa_alpha": "0xff",
		"font_family": 17,
		"font_size": 0,
		"title_font_size": 4,
		"aa_corner_radius": 16,
		"padding_hor":23.0,
		"padding_ver":28.0,
		"padding_ver2":-7.0,
		"theme": 4,
		"button_color": "#ff653757",
		"button_color_res": "@17170522"
	},
	{
		"type": "2x2",
		"label": "Circle MU 5",
		"flags": "0x3008",
		"style": 2,
		"bg_color": "#520f1152",
		"bg_color_res": "@17170498",
		"text_color": "#fff0efff",
		"text_color_res": "@17170489",
		"icons_color": "#fff0efff",
		"icons_color_res": "@17170489",
		"shadow_alpha": "0xff",
		"corner_radius": 7,
		"aa_alpha": "0xff",
		"font_family": 17,
		"font_size": 2,
		"title_font_size": 3,
		"aa_corner_radius": 16,
		"padding_hor":23.0,
		"padding_ver":28.0,
		"padding_ver2":-7.0,
		"theme": 4,
		"button_color": "#ff3d4080",
		"button_color_res": "@17170496"
	},
	
	{
		"label": "Minimalistic",
		"flags": "0x301C",
		"style": 2,
		"bg_color": "#0",
		"text_color": "#ffffffff",
		"icons_color": "#46ffffff",
		"shadow_alpha": "0x0",
		"aa_alpha": "0xFF",
		"font_family": 3,
		"font_size": 2,
		"title_font_size": 5
	},
	{
		"type": "4x1",
		"label": "Minimalistic No Cover Light",
		"flags": "0x18",
		"style": 1,
		"bg_color": "#0",
		"text_color": "#ffffffff",
		"icons_color": "#46ffffff",
		"shadow_alpha": "0x0",
		"corner_radius": 0,
		"aa_alpha": "0xff",
		"font_family": 17,
		"font_size": 2,
		"title_font_size": 7,
		"aa_corner_radius": 0,
		"padding_hor": 0,
		"padding_ver": 0
	},
	{
		"label": "Text Only 1",
		"flags": "0x8",
		"style": 1,
		"bg_color": "#0",
		"text_color": "#ffffffff",
		"icons_color": "#ffffff",
		"shadow_alpha": "0x0",
		"aa_alpha": "0xFF",
		"font_family": 3,
		"font_size": 3,
		"title_font_size": 5
	},
	{
		"label": "Text Only 2",
		"flags": "0x8",
		"style": 1,
		"bg_color": "#0",
		"text_color": "#ff000000",
		"icons_color": "#ffffff",
		"shadow_alpha": "0x0",
		"aa_alpha": "0xFF",
		"font_family": 1,
		"font_size": 3,
		"title_font_size": 10
	},
	{
		"type": "2x2",
		"label": "Style 3 MU",
		"flags": "0x1018",
		"style": 3,
		"bg_color": "#e80f1152",
		"bg_color_res": "@17170498",
		"text_color": "#ffe0e0ff",
		"text_color_res": "@17170490",
		"icons_color": "#ffe0e0ff",
		"icons_color_res": "@17170490",
		"shadow_alpha": "0x0",
		"corner_radius": 7,
		"aa_alpha": "0xff",
		"font_family": 17,
		"font_size": 2,
		"title_font_size": 3,
		"aa_corner_radius": 10,
		"padding_hor": 16,
		"padding_ver": 6,
		"theme": 1,
		"button_color": "#ff0f1152",
		"button_color_res": "@17170498",
		"padding_ver2": -1
	},
	{
		"type": "2x2",
		"label": "Style 3 MU 2",
		"flags": "0x1018",
		"style": 3,
		"bg_color": "#e8191a2c",
		"bg_color_res": "@17170511",
		"text_color": "#ffe2e0f9",
		"text_color_res": "@17170503",
		"icons_color": "#ffe2e0f9",
		"icons_color_res": "@17170503",
		"shadow_alpha": "0x0",
		"corner_radius": 7,
		"aa_alpha": "0xff",
		"font_family": 17,
		"font_size": 2,
		"title_font_size": 3,
		"aa_corner_radius": 10,
		"padding_hor": 16,
		"padding_ver": 6,
		"theme": 1,
		"button_color": "#ff191a2c",
		"button_color_res": "@17170511",
		"padding_ver2": -1
	},
	{
		"type": "2x2",
		"label": "Style 3 MU 3",
		"flags": "0x1018",
		"style": 3,
		"bg_color": "#ff330b29",
		"bg_color_res": "@17170524",
		"text_color": "#ffffd7ef",
		"text_color_res": "@17170516",
		"icons_color": "#ffffd7ef",
		"icons_color_res": "@17170516",
		"shadow_alpha": "0x0",
		"corner_radius": 7,
		"aa_alpha": "0xff",
		"font_family": 17,
		"font_size": 2,
		"title_font_size": 3,
		"aa_corner_radius": 10,
		"padding_hor": 16,
		"padding_ver": 6,
		"theme": 1,
		"button_color": "#ff330b29",
		"button_color_res": "@17170524",
		"padding_ver2": -1
	},
	{
		"type": "2x2",
		"label": "Rectangle MU",
		"flags": "0x1018",
		"style": 2,
		"bg_color": "#5f0f1152",
		"bg_color_res": "@17170498",
		"text_color": "#ffffffff",
		"icons_color": "#ffe0e0ff",
		"icons_color_res": "@17170490",
		"shadow_alpha": "0x0",
		"corner_radius": 0,
		"aa_alpha": "0xff",
		"font_family": 17,
		"font_size": 2,
		"title_font_size": 6,
		"aa_corner_radius": 0,
		"padding_hor": 0,
		"padding_ver": 0,
		"theme": 0,
		"button_color": "#ff000000",
		"padding_ver2": 0
	},
	{
		"type": "4x1",
		"label": "Rectangle MU 2",
		"flags": "0x1018",
		"style": 2,
		"bg_color": "#5f2d1511",
		"bg_color_res": "@17170511",
		"text_color": "#fffffbfa",
		"text_color_res": "@17170501",
		"icons_color": "#ffffdad3",
		"icons_color_res": "@17170503",
		"shadow_alpha": "0x0",
		"corner_radius": 0,
		"aa_alpha": "0xff",
		"font_family": 17,
		"font_size": 2,
		"title_font_size": 6,
		"aa_corner_radius": 0,
		"padding_hor": 0,
		"padding_ver": 0
	},
	{
		"type": "4x1",
		"label": "Rectangle MU 3",
		"flags": "0x1018",
		"style": 2,
		"bg_color": "#5f261a00",
		"bg_color_res": "@17170524",
		"text_color": "#ffffefce",
		"text_color_res": "@17170515",
		"icons_color": "#ffffdf96",
		"icons_color_res": "@17170516",
		"shadow_alpha": "0x0",
		"corner_radius": 0,
		"aa_alpha": "0xff",
		"font_family": 17,
		"font_size": 2,
		"title_font_size": 6,
		"aa_corner_radius": 0,
		"padding_hor": 0,
		"padding_ver": 0
	},
	{
		"type": "2x2",
		"label": "Flat",
		"flags": "0x1098",
		"style": 1,
		"bg_color": "#c61c1b1f",
		"bg_color_res": "@17170472",
		"text_color": "#ffffffff",
		"icons_color": "#ffffffff",
		"shadow_alpha": "0x0",
		"corner_radius": 16,
		"aa_alpha": "0xc7",
		"font_family": 15,
		"font_size": 4,
		"title_font_size": 6,
		"aa_corner_radius": 15,
		"padding_hor": 16,
		"padding_ver": 3,
		"theme": 0,
		"button_color": "#ff000000",
		"padding_ver2": 4
	},
	{"label":"Thin","flags":"0x320c","style":1,"bg_color":"#2e000000","text_color":"#ffffffff","icons_color":"#ffffffff","shadow_alpha":"0x9a","aa_alpha": "0xFF","font_family":4,"font_size":4,"title_font_size":6},
	{
		"type": "2x2",
		"label": "No background MU",
		"flags": "0x100c",
		"style": 0,
		"bg_color": "#f1152",
		"bg_color_res": "@17170498",
		"text_color": "#ffe0e0ff",
		"text_color_res": "@17170490",
		"icons_color": "#ffe0e0ff",
		"icons_color_res": "@17170490",
		"shadow_alpha": "0x0",
		"corner_radius": 7,
		"aa_alpha": "0xff",
		"font_family": 17,
		"font_size": 0,
		"title_font_size": 2,
		"aa_corner_radius": 3,
		"padding_hor": 12,
		"padding_ver": 7,
		"theme": 1,
		"button_color": "#ff0f1152",
		"button_color_res": "@17170498",
		"padding_ver2": -1
	},
	{
		"type": "2x2",
		"label": "No background MU 2",
		"flags": "0x100c",
		"style": 0,
		"bg_color": "#191a2c",
		"bg_color_res": "@17170511",
		"text_color": "#ffe2e0f9",
		"text_color_res": "@17170503",
		"icons_color": "#ffe2e0f9",
		"icons_color_res": "@17170503",
		"shadow_alpha": "0x0",
		"corner_radius": 7,
		"aa_alpha": "0xff",
		"font_family": 17,
		"font_size": 0,
		"title_font_size": 2,
		"aa_corner_radius": 3,
		"padding_hor": 12,
		"padding_ver": 7,
		"theme": 1,
		"button_color": "#ff191a2c",
		"button_color_res": "@17170511",
		"padding_ver2": -1
	},
	{
		"type": "2x2",
		"label": "No background MU 3",
		"flags": "0x100c",
		"style": 0,
		"bg_color": "#330b29",
		"bg_color_res": "@17170524",
		"text_color": "#ffffd7ef",
		"text_color_res": "@17170516",
		"icons_color": "#ffffd7ef",
		"icons_color_res": "@17170516",
		"shadow_alpha": "0x0",
		"corner_radius": 7,
		"aa_alpha": "0xff",
		"font_family": 17,
		"font_size": 0,
		"title_font_size": 2,
		"aa_corner_radius": 3,
		"padding_hor": 12,
		"padding_ver": 7,
		"theme": 1,
		"button_color": "#ff330b29",
		"button_color_res": "@17170524",
		"padding_ver2": -1
	},
	{
		"type": "2x2",
		"label": "No Cover",
		"flags": "0x1088",
		"style": 0,
		"bg_color": "#555899",
		"bg_color_res": "@17170495",
		"text_color": "#fff0efff",
		"text_color_res": "@17170489",
		"icons_color": "#ffbec2ff",
		"icons_color_res": "@17170491",
		"shadow_alpha": "0xff",
		"corner_radius": 16,
		"aa_alpha": "0x0",
		"font_family": 17,
		"font_size": 0,
		"title_font_size": 2,
		"aa_corner_radius": 16,
		"padding_hor": -12,
		"padding_ver": 86,
		"theme": 4,
		"button_color": "#ff555899",
		"button_color_res": "@17170495",
		"padding_ver2": 6
	},
	{
		"type": "2x2",
		"label": "No Cover 2",
		"flags": "0x1088",
		"style": 0,
		"bg_color": "#5c5d71",
		"bg_color_res": "@17170508",
		"text_color": "#fff0efff",
		"text_color_res": "@17170502",
		"icons_color": "#ffc5c5dd",
		"icons_color_res": "@17170504",
		"shadow_alpha": "0xff",
		"corner_radius": 16,
		"aa_alpha": "0x0",
		"font_family": 17,
		"font_size": 0,
		"title_font_size": 2,
		"aa_corner_radius": 16,
		"padding_hor": -12,
		"padding_ver": 86,
		"theme": 4,
		"button_color": "#ff5c5d71",
		"button_color_res": "@17170508",
		"padding_ver2": 6
	},
	{
		"type": "2x2",
		"label": "No Cover 3",
		"flags": "0x1098",
		"style": 0,
		"bg_color": "#814e6f",
		"bg_color_res": "@17170521",
		"text_color": "#ffffecf6",
		"text_color_res": "@17170515",
		"icons_color": "#fff2b4da",
		"icons_color_res": "@17170517",
		"shadow_alpha": "0xff",
		"corner_radius": 16,
		"aa_alpha": "0x0",
		"font_family": 17,
		"font_size": 0,
		"title_font_size": 2,
		"aa_corner_radius": 16,
		"padding_hor": -12,
		"padding_ver": 86,
		"theme": 4,
		"button_color": "#ff814e6f",
		"button_color_res": "@17170521",
		"padding_ver2": 6
	},
	{
		"label": "Big Text",
		"flags": "0x301c",
		"style": 1,
		"bg_color": "#5d000000",
		"text_color": "#ffffffff",
		"icons_color": "#b0ffffff",
		"shadow_alpha": "0x0",
		"aa_alpha": "0xFF",
		"font_family": 5,
		"font_size": 1,
		"title_font_size": 7
	},
	{
		"type": "2x2",
		"label": "White",
		"flags": "0x709c",
		"style": 1,
		"bg_color": "#eeffffff",
		"text_color": "#ff000000",
		"icons_color": "#ff000000",
		"shadow_alpha": "0x0",
		"corner_radius": 6,
		"aa_alpha": "0xff",
		"font_family": 17,
		"font_size": 3,
		"title_font_size": 7,
		"aa_corner_radius": 6,
		"padding_hor": -4.0,
		"padding_ver": -16.0,
		"padding_ver2": 3.0,
		"text_align": 0,
		"theme": 4,
		"button_color": "#ffffffff",
		"button_color_res": "@17170487"
	},
	{
		"type": "4x1",
		"label": "Blue",
		"flags": "0x301c",
		"style": 5,
		"bg_color": "#cf6599e4",
		"text_color": "#ffffffff",
		"icons_color": "#ffedf8ff",
		"shadow_alpha": "0x99",
		"corner_radius": 4,
		"aa_alpha": "0xff",
		"font_family": 17,
		"font_size": 2,
		"title_font_size": 6,
		"aa_corner_radius": 6,
		"padding_hor": 13,
		"padding_ver": 41
	},
	{
		"type": "2x2",
		"label": "Rounded MU",
		"flags":"0x5008",
		"style": 2,
		"bg_color": "#ff0f1152",
		"bg_color_res": "@17170498",
		"text_color": "#fff0efff",
		"text_color_res": "@17170489",
		"icons_color": "#fff0efff",
		"icons_color_res": "@17170489",
		"shadow_alpha": "0x0",
		"corner_radius": 3,
		"aa_alpha": "0xff",
		"font_family": 17,
		"font_size": 2,
		"title_font_size": 3,
		"aa_corner_radius": 10,
		"padding_hor":13.0,"padding_ver":24.0,"padding_ver2":0.0,
		"theme": 4,
		"button_color": "#ff3d4080",
		"button_color_res": "@17170496"
	},
	{
		"type": "2x2",
		"label": "Rounded MU 2",
		"flags": "0x5008",
		"style": 2,
		"bg_color": "#ff191a2c",
		"bg_color_res": "@17170511",
		"text_color": "#ffe2e0f9",
		"text_color_res": "@17170503",
		"icons_color": "#ffe2e0f9",
		"icons_color_res": "@17170503",
		"shadow_alpha": "0x0",
		"corner_radius": 3,
		"aa_alpha": "0xff",
		"font_family": 17,
		"font_size": 2,
		"title_font_size": 3,
		"aa_corner_radius": 10,
		"padding_hor": 3,
		"padding_ver": 10,
		"theme": 1,
		"button_color": "#ff191a2c",
		"button_color_res": "@17170511",
		"padding_ver2": 5
	},
	{
		"type": "2x2",
		"label": "Rounded MU 3",
		"flags": "0x300c",
		"style": 2,
		"bg_color": "#d1330b29",
		"bg_color_res": "@17170524",
		"text_color": "#ffffecf6",
		"text_color_res": "@17170515",
		"icons_color": "#ffffecf6",
		"icons_color_res": "@17170515",
		"shadow_alpha": "0xff",
		"corner_radius": 12,
		"aa_alpha": "0xff",
		"font_family": 5,
		"font_size": 3,
		"title_font_size": 6,
		"aa_corner_radius": 11,
		"padding_hor":11.0,"padding_ver":5.0,"padding_ver2":11.0,
		"theme": 2,
		"button_color": "#ff4c213f",
		"button_color_res": "@17170523"
	},
	{
		"type": "2x2",
		"label": "Rounded MU 4",
		"flags": "0x5018",
		"style": 2,
		"bg_color": "#ff330b29",
		"bg_color_res": "@17170524",
		"text_color": "#ffffd7ef",
		"text_color_res": "@17170516",
		"icons_color": "#ffffd7ef",
		"icons_color_res": "@17170516",
		"shadow_alpha": "0x0",
		"corner_radius": 3,
		"aa_alpha": "0xff",
		"font_family": 17,
		"font_size": 2,
		"title_font_size": 3,
		"aa_corner_radius": 10,
		"padding_hor":8.0,
		"padding_ver":9.0,
		"padding_ver2":-1.0,
		"theme": 1,
		"button_color": "#ff330b29",
		"button_color_res": "@17170524"
	}
]

