[
	{
		"type": "4x1",
		"label": "Circle MU",
		"flags": "0x3298",
		"style": 2,
		"bg_color": "#a9323218",
		"bg_color_res": "@17170510",
		"text_color": "#fff5f3cd",
		"text_color_res": "@17170502",
		"icons_color": "#ffcac8a5",
		"icons_color_res": "@17170504",
		"shadow_alpha": "0xff",
		"corner_radius": 16,
		"aa_alpha": "0xff",
		"font_family": 17,
		"font_size": 3,
		"title_font_size": 7,
		"aa_corner_radius": 16,
		"padding_hor": -14,
		"padding_ver": 0.5,
		"padding_ver2": 4,
		"text_align": 0,
		"theme": 0,
		"button_color": "#ff000000"
	},
	{
		"type": "4x1",
		"label": "Circle MU 2",
		"flags": "0x3298",
		"style": 2,
		"bg_color": "#a9bec2ff",
		"bg_color_res": "@17170491",
		"text_color": "#ff252968",
		"text_color_res": "@17170497",
		"icons_color": "#ff252968",
		"icons_color_res": "@17170497",
		"shadow_alpha": "0xff",
		"corner_radius": 16,
		"aa_alpha": "0xff",
		"font_family": 17,
		"font_size": 3,
		"title_font_size": 7,
		"aa_corner_radius": 16,
		"padding_hor": -14,
		"padding_ver": 0.5,
		"padding_ver2": 4
	},
	{
		"type": "4x1",
		"label": "Circle MU 3",
		"flags": "0x3298",
		"style": 2,
		"bg_color": "#ff0b372a",
		"bg_color_res": "@17170523",
		"text_color": "#fff4f0e8",
		"text_color_res": "@17170463",
		"icons_color": "#ffa4d0bd",
		"icons_color_res": "@17170517",
		"shadow_alpha": "0x0",
		"corner_radius": 16,
		"aa_alpha": "0xff",
		"font_family": 17,
		"font_size": 3,
		"title_font_size": 7,
		"aa_corner_radius": 16,
		"padding_hor": -14,
		"padding_ver": 0.5,
		"padding_ver2": 4,
		"text_align": 0,
		"theme": 1,
		"button_color": "#ff254e40",
		"button_color_res": "@17170522"
	},
	{
		"type": "4x1",
		"label": "Circle MU 4",
		"flags": "0x329a",
		"style": 2,
		"bg_color": "#ff31312b",
		"bg_color_res": "@17170471",
		"text_color": "#fff4f1df",
		"text_color_res": "@17170476",
		"icons_color": "#ffcac7b6",
		"icons_color_res": "@17170478",
		"shadow_alpha": "0x0",
		"corner_radius": 16,
		"aa_alpha": "0xff",
		"font_family": 17,
		"font_size": 3,
		"title_font_size": 7,
		"aa_corner_radius": 16,
		"padding_hor": -14,
		"padding_ver": 0.5,
		"padding_ver2": 4,
		"text_align": 0,
		"theme": 1,
		"button_color": "#ff484741",
		"button_color_res": "@17170470"
	},
	{
		"type": "4x1",
		"label": "Circle MU Inv",
		"flags": "0x329a",
		"style": 2,
		"bg_color": "#ff313125",
		"bg_color_res": "@17170484",
		"text_color": "#fff6f59c",
		"text_color_res": "@17170489",
		"icons_color": "#fffffbff",
		"icons_color_res": "@17170488",
		"shadow_alpha": "0x0",
		"corner_radius": 16,
		"aa_alpha": "0xff",
		"font_family": 17,
		"font_size": 2,
		"title_font_size": 5,
		"aa_corner_radius": 16,
		"padding_hor": -14,
		"padding_ver": 0.5,
		"padding_ver2": 4,
		"text_align": 0,
		"theme": 3,
		"button_color": "#ff48473a",
		"button_color_res": "@17170483"
	},
	{
		"type": "4x1",
		"label": "Circle MU Inv 2",
		"flags": "0x3298",
		"style": 2,
		"bg_color": "#a9323200",
		"bg_color_res": "@17170497",
		"text_color": "#fff6f59c",
		"text_color_res": "@17170489",
		"icons_color": "#ffcbcb76",
		"icons_color_res": "@17170491",
		"shadow_alpha": "0xff",
		"corner_radius": 16,
		"aa_alpha": "0xff",
		"font_family": 17,
		"font_size": 3,
		"title_font_size": 7,
		"aa_corner_radius": 16,
		"padding_hor": -14,
		"padding_ver": 0.5,
		"padding_ver2": 4,
		"text_align": 0,
		"theme": 0,
		"button_color": "#ff000000"
	},
	{
		"type": "4x1",
		"label": "Circle Overflow",
		"flags": "0x3298",
		"style": 2,
		"bg_color": "#ff323200",
		"bg_color_res": "@17170497",
		"text_color": "#ffe8e78f",
		"text_color_res": "@17170490",
		"icons_color": "#ffe8e78f",
		"icons_color_res": "@17170490",
		"shadow_alpha": "0xff",
		"corner_radius": 16,
		"aa_alpha": "0xff",
		"font_family": 17,
		"font_size": 3,
		"title_font_size": 6,
		"aa_corner_radius": 15,
		"padding_hor": -26.5,
		"padding_ver": -8.5,
		"padding_ver2": -1.5,
		"text_align": 0,
		"theme": 0,
		"button_color": "#ff616118",
		"button_color_res": "@17170495"
	},
	{
		"type": "4x1",
		"label": "Circle Overflow 2",
		"flags": "0x3298",
		"style": 2,
		"bg_color": "#ff323218",
		"bg_color_res": "@17170510",
		"text_color": "#ffe7e4bf",
		"text_color_res": "@17170503",
		"icons_color": "#ffe7e4bf",
		"icons_color_res": "@17170503",
		"shadow_alpha": "0xff",
		"corner_radius": 16,
		"aa_alpha": "0xff",
		"font_family": 17,
		"font_size": 3,
		"title_font_size": 6,
		"aa_corner_radius": 15,
		"padding_hor": -26.5,
		"padding_ver": -8.5,
		"padding_ver2": -1.5,
		"text_align": 0,
		"theme": 0,
		"button_color": "#ff616118",
		"button_color_res": "@17170495"
	},
	{
		"type": "4x1",
		"label": "Circle Overflow 3",
		"flags": "0x3298",
		"style": 2,
		"bg_color": "#ff0b372a",
		"bg_color_res": "@17170523",
		"text_color": "#ffbfecd8",
		"text_color_res": "@17170516",
		"icons_color": "#ffbfecd8",
		"icons_color_res": "@17170516",
		"shadow_alpha": "0xff",
		"corner_radius": 16,
		"aa_alpha": "0xff",
		"font_family": 17,
		"font_size": 3,
		"title_font_size": 6,
		"aa_corner_radius": 15,
		"padding_hor": -26.5,
		"padding_ver": -8.5,
		"padding_ver2": -1.5,
		"text_align": 0,
		"theme": 0,
		"button_color": "#ff616118",
		"button_color_res": "@17170495"
	},
	{
		"type": "4x1",
		"label": "Circle Overflow 4",
		"flags": "0x3298",
		"style": 2,
		"bg_color": "#ff31312b",
		"bg_color_res": "@17170471",
		"text_color": "#ffe6e2d9",
		"text_color_res": "@17170464",
		"icons_color": "#ffe6e2d9",
		"icons_color_res": "@17170464",
		"shadow_alpha": "0xff",
		"corner_radius": 16,
		"aa_alpha": "0xff",
		"font_family": 17,
		"font_size": 3,
		"title_font_size": 6,
		"aa_corner_radius": 15,
		"padding_hor": -26.5,
		"padding_ver": -8.5,
		"padding_ver2": -1.5,
		"text_align": 0,
		"theme": 0,
		"button_color": "#ff616118",
		"button_color_res": "@17170495"
	},
	{
		"type": "4x1",
		"label": "Circle Overflow 5",
		"flags": "0x3298",
		"style": 2,
		"bg_color": "#ffe8e78f",
		"bg_color_res": "@17170490",
		"text_color": "#ff323200",
		"text_color_res": "@17170497",
		"icons_color": "#ff494900",
		"icons_color_res": "@17170496",
		"shadow_alpha": "0xff",
		"corner_radius": 16,
		"aa_alpha": "0xff",
		"font_family": 17,
		"font_size": 3,
		"title_font_size": 6,
		"aa_corner_radius": 15,
		"padding_hor": -26.5,
		"padding_ver": -8.5,
		"padding_ver2": -1.5,
		"text_align": 0,
		"theme": 0,
		"button_color": "#ff616118",
		"button_color_res": "@17170495"
	},
	{
		"type": "4x1",
		"label": "Circle Overflow 6",
		"flags": "0x3298",
		"style": 2,
		"bg_color": "#ffe7e4bf",
		"bg_color_res": "@17170503",
		"text_color": "#ff0b372a",
		"text_color_res": "@17170523",
		"icons_color": "#ff3d6657",
		"icons_color_res": "@17170521",
		"shadow_alpha": "0xff",
		"corner_radius": 16,
		"aa_alpha": "0xff",
		"font_family": 17,
		"font_size": 3,
		"title_font_size": 6,
		"aa_corner_radius": 15,
		"padding_hor": -26.5,
		"padding_ver": -8.5,
		"padding_ver2": -1.5,
		"text_align": 0,
		"theme": 0,
		"button_color": "#ff616118",
		"button_color_res": "@17170495"
	},


	{
		"label": "Minimalistic",
		"flags": "0x301C",
		"style": 2,
		"bg_color": "#0",
		"text_color": "#ffffffff",
		"icons_color": "#46ffffff",
		"shadow_alpha": "0x0",
		"aa_alpha": "0xFF",
		"font_family": 3,
		"font_size": 2,
		"title_font_size": 5,
		"padding_ver2": 4
	},
	{
		"type": "4x1",
		"label": "Minimalistic Dark 2",
		"flags": "0x208",
		"style": 1,
		"bg_color": "#0",
		"text_color": "#ff000000",
		"icons_color": "#3e000000",
		"shadow_alpha": "0x0",
		"corner_radius": 0,
		"aa_alpha": "0xff",
		"font_family": 17,
		"font_size": 1,
		"title_font_size": 9,
		"aa_corner_radius": 0,
		"padding_hor": 0,
		"padding_ver": 0
	},
	{
		"type": "4x1",
		"label": "Minimalistic Light",
		"flags": "0x18",
		"style": 1,
		"bg_color": "#0",
		"text_color": "#ffffffff",
		"icons_color": "#46ffffff",
		"shadow_alpha": "0x0",
		"corner_radius": 0,
		"aa_alpha": "0xff",
		"font_family": 17,
		"font_size": 2,
		"title_font_size": 10,
		"aa_corner_radius": 0,
		"padding_hor": 0,
		"padding_ver": 0
	},
	{
		"label": "Text Only 1",
		"flags": "0x8",
		"style": 1,
		"bg_color": "#0",
		"text_color": "#ffffffff",
		"icons_color": "#ffffff",
		"shadow_alpha": "0x0",
		"aa_alpha": "0xFF",
		"font_family": 3,
		"font_size": 3,
		"title_font_size": 5
	},
	{
		"label": "Text Only 2",
		"flags": "0x8",
		"style": 1,
		"bg_color": "#0",
		"text_color": "#ff000000",
		"icons_color": "#ffffff",
		"shadow_alpha": "0x0",
		"aa_alpha": "0xFF",
		"font_family": 1,
		"font_size": 3,
		"title_font_size": 10
	},
	{
		"type": "4x1",
		"label": "Rectangle MU",
		"flags": "0x3018",
		"style": 2,
		"bg_color": "#5f3d0603",
		"bg_color_res": "@17170498",
		"text_color": "#ffffffff",
		"icons_color": "#ffffdad2",
		"icons_color_res": "@17170490",
		"shadow_alpha": "0x0",
		"corner_radius": 0,
		"aa_alpha": "0xff",
		"font_family": 17,
		"font_size": 2,
		"title_font_size": 6,
		"aa_corner_radius": 0,
		"padding_hor": 0,
		"padding_ver": 0
	},
	{
		"type": "4x1",
		"label": "Rectangle MU 2",
		"flags": "0x3018",
		"style": 2,
		"bg_color": "#5f2d1511",
		"bg_color_res": "@17170511",
		"text_color": "#fffffbfa",
		"text_color_res": "@17170501",
		"icons_color": "#ffffdad3",
		"icons_color_res": "@17170503",
		"shadow_alpha": "0x0",
		"corner_radius": 0,
		"aa_alpha": "0xff",
		"font_family": 17,
		"font_size": 2,
		"title_font_size": 6,
		"aa_corner_radius": 0,
		"padding_hor": 0,
		"padding_ver": 0
	},
	{
		"type": "4x1",
		"label": "Rectangle MU 3",
		"flags": "0x3018",
		"style": 2,
		"bg_color": "#5f261a00",
		"bg_color_res": "@17170524",
		"text_color": "#ffffefce",
		"text_color_res": "@17170515",
		"icons_color": "#ffffdf96",
		"icons_color_res": "@17170516",
		"shadow_alpha": "0x0",
		"corner_radius": 0,
		"aa_alpha": "0xff",
		"font_family": 17,
		"font_size": 2,
		"title_font_size": 6,
		"aa_corner_radius": 0,
		"padding_hor": 0,
		"padding_ver": 0
	},
	{
		"type": "4x1",
		"label": "Flat",
		"flags": "0x1098",
		"style": 7,
		"bg_color": "#c61c1b1f",
		"bg_color_res": "@17170472",
		"text_color": "#ffffffff",
		"text_color_res": "@17170487",
		"icons_color": "#ffffffff",
		"icons_color_res": "@17170487",
		"shadow_alpha": "0x0",
		"corner_radius": 15,
		"aa_alpha": "0xc7",
		"font_family": 15,
		"font_size": 4,
		"title_font_size": 6,
		"aa_corner_radius": 15,
		"padding_hor": 15.0,
		"padding_ver": 0.0,
		"padding_ver2": 6.0,
		"text_align": 0,
		"theme": 1,
		"button_color": "#ff6d70b3",
		"button_color_res": "@17170494"
	},
	{"label":"Thin","flags":"0x320c","style":1,"bg_color":"#2e000000","text_color":"#ffffffff","icons_color":"#ffffffff","shadow_alpha":"0x9a","aa_alpha": "0xFF","font_family":4,"font_size":4,"title_font_size":6},

	{
		"label": "Big Text 1",
		"flags": "0x301c",
		"style": 1,
		"bg_color": "#0",
		"text_color": "#ffffffff",
		"icons_color": "#b0ffffff",
		"shadow_alpha": "0x0",
		"aa_alpha": "0xFF",
		"font_family": 1,
		"font_size": 1,
		"title_font_size": 7
	},
	{
		"label": "Big Text 2",
		"flags": "0x301c",
		"style": 1,
		"bg_color": "#5d000000",
		"text_color": "#ffffffff",
		"icons_color": "#b0ffffff",
		"shadow_alpha": "0x0",
		"aa_alpha": "0xFF",
		"font_family": 5,
		"font_size": 1,
		"title_font_size": 7
	},
	{
		"type": "4x1",
		"label": "White",
		"flags": "0x309c",
		"style": 1,
		"bg_color": "#eeffffff",
		"text_color": "#ff000000",
		"icons_color": "#ff000000",
		"shadow_alpha": "0x0",
		"corner_radius": 6,
		"aa_alpha": "0xff",
		"font_family": 17,
		"font_size": 3,
		"title_font_size": 7,
		"aa_corner_radius": 6,
		"padding_hor": -6.5,
		"padding_ver": 0,
		"padding_ver2": 0,
		"text_align": 0,
		"theme": 0,
		"button_color": "#ff000000"
	},
	{
		"type": "4x1",
		"label": "Blue",
		"flags": "0x301c",
		"style": 5,
		"bg_color": "#cf6599e4",
		"text_color": "#ffffffff",
		"icons_color": "#ffedf8ff",
		"shadow_alpha": "0x99",
		"corner_radius": 4,
		"aa_alpha": "0xff",
		"font_family": 17,
		"font_size": 2,
		"title_font_size": 6,
		"aa_corner_radius": 2,
		"padding_hor": -1.5,
		"padding_ver": 2,
		"padding_ver2": 0,
		"text_align": 0,
		"theme": 0,
		"button_color": "#ff000000"
	}
]

