[
	{
		"label": "Mininalistic 1",
		"flags": "0x1088",
		"style": 0,
		"bg_color": "#8a000000",
		"text_color": "#ffffffff",
		"icons_color": "#7dffffff",
		"shadow_alpha": "0x00",
		"aa_alpha": "0xff",
		"font_family": 0,
		"font_size": 3,
		"title_font_size": 6,
		"theme": 0,
		"aa_corner_radius": 5
	},
	{"label":"With Background","flags": "0x2bc","style":6,"bg_color":"#8a000000","text_color":"#ffffffff","icons_color":"#ffffffff",
		"shadow_alpha":"0x0","aa_alpha":"0xff","font_family":3,"font_size":4,"title_font_size":6,"theme":0},
	{
		"label": "Mininalistic 2",
		"flags": "0x88",
		"style": 0,
		"bg_color": "#8a000000",
		"text_color": "#ff000000",
		"icons_color": "#7d000000",
		"shadow_alpha": "0x00",
		"aa_alpha": "0xff",
		"font_family": 0,
		"font_size": 3,
		"title_font_size": 6,
		"theme": 0,
		"aa_corner_radius": 12
	},
	{
		"label": "Big Text 1",
		"flags": "0x201c",
		"style": 1,
		"bg_color": "#0",
		"text_color": "#ffffffff",
		"icons_color": "#b0ffffff",
		"shadow_alpha": "0x0",
		"aa_alpha": "0xFF",
		"font_family": 1,
		"font_size": 3,
		"title_font_size": 9,
		"aa_corner_radius": 4
	},
	{
		"label": "Grey",
		"flags": "0x1c",
		"style": 3,
		"bg_color": "#ed262626",
		"text_color": "#ffffffff",
		"icons_color": "#ffedf8ff",
		"shadow_alpha": "0x99",
		"aa_alpha": "0xff",
		"font_family": 0,
		"font_size": 2,
		"title_font_size": 5,
		"theme": 0
	},	

	{
		"label": "Flat",
		"flags": "0x29c",
		"style": 4,
		"bg_color": "#a3000000",
		"text_color": "#ffe4f2ff",
		"icons_color": "#ffffffff",
		"shadow_alpha": "0x0",
		"aa_alpha": "0xff",
		"font_family": 0,
		"font_size": 2,
		"title_font_size": 5,
		"theme": 0
	},
	{"label":"Flat 2","flags":"0x21c","style":5,"bg_color":"#ff000000","text_color":"#ffffffff","icons_color":"#ffffffff",
		"shadow_alpha":"0x30","aa_alpha":"0xff","font_family":4,"font_size":5,"title_font_size":9,"theme":0},
	{
		"label": "Circle Play",
		"flags": "0x294",
		"style": 1,
		"bg_color": "#55000000",
		"text_color": "#ffe4f2ff",
		"icons_color": "#ffffffff",
		"shadow_alpha": "0x99",
		"aa_alpha": "0xff",
		"font_family": 0,
		"font_size": 3,
		"title_font_size": 4,
		"theme": 2
	},	
	{
		"label": "Thin",
		"flags": "0x29c",
		"style": 3,
		"bg_color": "#46000000",
		"text_color": "#ffe4f2ff",
		"icons_color": "#ffffffff",
		"shadow_alpha": "0x0",
		"aa_alpha": "0xff",
		"font_family": 4,
		"font_size": 3,
		"title_font_size": 7,
		"theme": 0
	},

	{
		"label": "Blue",
		"flags": "0x1c",
		"style": 5,
		"bg_color": "#cf6599e4",
		"text_color": "#ffffffff",
		"icons_color": "#ffedf8ff",
		"shadow_alpha": "0x99",
		"aa_alpha": "0xff",
		"font_family": 1,
		"font_size": 2,
		"title_font_size": 7,
		"theme": 0
	},
	{
		"label": "Plain Full",
		"flags": "0x229c",
		"style": 5,
		"bg_color": "#55000000",
		"text_color": "#ffffffff",
		"icons_color": "#ffffffff",
		"shadow_alpha": "0x9f",
		"aa_alpha": "0xff",
		"font_family": 0,
		"font_size": 3,
		"title_font_size": 4,
		"theme": 1
	},
	{
		"label": "Classic",
		"flags": "0x294",
		"style": 2,
		"bg_color": "#55000000",
		"text_color": "#ffe4f2ff",
		"icons_color": "#ffffffff",
		"shadow_alpha": "0x99",
		"aa_alpha": "0xff",
		"font_family": 0,
		"font_size": 3,
		"title_font_size": 4,
		"theme": 1
	},
	{
		"label": "Classic 2",
		"flags": "0x29c",
		"style": 2,
		"bg_color": "#a3000000",
		"text_color": "#ffe4f2ff",
		"icons_color": "#ffffffff",
		"shadow_alpha": "0xa0",
		"aa_alpha": "0xff",
		"font_family": 0,
		"font_size": 2,
		"title_font_size": 5,
		"theme": 1
	}
]

