[
	{
		"type": "4x2",
		"label": "Material U",
		"flags": "0x3298",
		"style": 2,
		"bg_color": "#bc2e2f41",
		"bg_color_res": "@17170510",
		"text_color": "#ffffffff",
		"text_color_res": "@17170487",
		"icons_color": "#fffefbff",
		"icons_color_res": "@17170501",
		"shadow_alpha": "0x0",
		"corner_radius": 15,
		"aa_alpha": "0xff",
		"font_family": 17,
		"font_size": 2,
		"title_font_size": 7,
		"aa_corner_radius": 10,
		"padding_hor": -15.0,
		"padding_ver": 5.0,
		"padding_ver2": 0.5,
		"text_align": 0,
		"theme": 0,
		"button_color": "#ff000000"
	},
	{
		"type": "4x2",
		"label": "Material U 2",
		"flags": "0x3298",
		"style": 2,
		"bg_color": "#ffbec2ff",
		"bg_color_res": "@17170491",
		"text_color": "#ff252968",
		"text_color_res": "@17170497",
		"icons_color": "#ff252968",
		"icons_color_res": "@17170497",
		"shadow_alpha": "0x0",
		"corner_radius": 15,
		"aa_alpha": "0xff",
		"font_family": 17,
		"font_size": 2,
		"title_font_size": 7,
		"aa_corner_radius": 10,
		"padding_hor": -15.0,
		"padding_ver": 5.0,
		"padding_ver2": 0.5
	},
	{
		"type": "4x2",
		"label": "Material U 3",
		"flags": "0x3298",
		"style": 2,
		"bg_color": "#ffc5c5dd",
		"bg_color_res": "@17170504",
		"text_color": "#ff2e2f41",
		"text_color_res": "@17170510",
		"icons_color": "#ff2e2f41",
		"icons_color_res": "@17170510",
		"shadow_alpha": "0x0",
		"corner_radius": 15,
		"aa_alpha": "0xff",
		"font_family": 17,
		"font_size": 3,
		"title_font_size": 7,
		"aa_corner_radius": 10,
		"padding_hor": -15.0,
		"padding_ver": 5.0,
		"padding_ver2": 0.5
	},
	{
		"type": "4x2",
		"label": "Material U 4",
		"flags": "0x3298",
		"style": 2,
		"bg_color": "#fff2b4da",
		"bg_color_res": "@17170517",
		"text_color": "#ff4c213f",
		"text_color_res": "@17170523",
		"icons_color": "#ff4c213f",
		"icons_color_res": "@17170523",
		"shadow_alpha": "0x0",
		"corner_radius": 15,
		"aa_alpha": "0xff",
		"font_family": 17,
		"font_size": 3,
		"title_font_size": 7,
		"aa_corner_radius": 10,
		"padding_hor": -15.0,
		"padding_ver": 5.0,
		"padding_ver2": 0.5
	},
	{
		"type": "4x2",
		"label": "Material U 5",
		"flags": "0x3298",
		"style": 2,
		"bg_color": "#ffc8c6ca",
		"bg_color_res": "@17170465",
		"text_color": "#ff303033",
		"text_color_res": "@17170471",
		"icons_color": "#ff303033",
		"icons_color_res": "@17170471",
		"shadow_alpha": "0x0",
		"corner_radius": 15,
		"aa_alpha": "0xff",
		"font_family": 17,
		"font_size": 3,
		"title_font_size": 7,
		"aa_corner_radius": 10,
		"padding_hor": -15.0,
		"padding_ver": 5.0,
		"padding_ver2": 0.5
	},
	{
		"type": "4x2",
		"label": "Material U 6",
		"flags": "0x3298",
		"style": 2,
		"bg_color": "#ffcac7b6",
		"bg_color_res": "@17170478",
		"text_color": "#ff313125",
		"text_color_res": "@17170484",
		"icons_color": "#ff313125",
		"icons_color_res": "@17170484",
		"shadow_alpha": "0xff",
		"corner_radius": 15,
		"aa_alpha": "0xff",
		"font_family": 17,
		"font_size": 3,
		"title_font_size": 7,
		"aa_corner_radius": 10,
		"padding_hor": -15.0,
		"padding_ver": 5.0,
		"padding_ver2": 0.5,
		"text_align": 0,
		"theme": 2,
		"button_color": "#ff787768",
		"button_color_res": "@17170481"
	},
	{
		"type": "4x2",
		"label": "Circle MU",
		"flags": "0x3218",
		"style": 2,
		"bg_color": "#ffbec2ff",
		"bg_color_res": "@17170491",
		"text_color": "#ff252968",
		"text_color_res": "@17170497",
		"icons_color": "#ff252968",
		"icons_color_res": "@17170497",
		"shadow_alpha": "0x0",
		"corner_radius": 16,
		"aa_alpha": "0xff",
		"font_family": 17,
		"font_size": 2,
		"title_font_size": 7,
		"aa_corner_radius": 16,
		"padding_hor": -17.0,
		"padding_ver": 9.0,
		"padding_ver2": 6.0
	},
	{
		"type": "4x1",
		"label": "Circle MU 2",
		"flags": "0x3298",
		"style": 2,
		"bg_color": "#b8e7bdb5",
		"bg_color_res": "@17170504",
		"text_color": "#ff442a25",
		"text_color_res": "@17170510",
		"icons_color": "#ff442a25",
		"icons_color_res": "@17170510",
		"shadow_alpha": "0x0",
		"corner_radius": 16,
		"aa_alpha": "0xff",
		"font_family": 17,
		"font_size": 2,
		"title_font_size": 7,
		"aa_corner_radius": 16,
		"padding_hor": -17.0,
		"padding_ver": 9.0,
		"padding_ver2": 6.0
	},
	{
		"type": "4x1",
		"label": "Circle MU 3",
		"flags": "0x3298",
		"style": 2,
		"bg_color": "#b8e5c377",
		"bg_color_res": "@17170517",
		"text_color": "#ff3f2e00",
		"text_color_res": "@17170523",
		"icons_color": "#ff3f2e00",
		"icons_color_res": "@17170523",
		"shadow_alpha": "0x0",
		"corner_radius": 16,
		"aa_alpha": "0xff",
		"font_family": 17,
		"font_size": 2,
		"title_font_size": 7,
		"aa_corner_radius": 16,
		"padding_hor": -17.0,
		"padding_ver": 9.0,
		"padding_ver2": 6.0
	},
	{
		"type": "4x1",
		"label": "Circle MU 4",
		"flags": "0x3298",
		"style": 2,
		"bg_color": "#88d0c4c1",
		"bg_color_res": "@17170465",
		"text_color": "#ff362f2d",
		"text_color_res": "@17170471",
		"icons_color": "#ff362f2d",
		"icons_color_res": "@17170471",
		"shadow_alpha": "0x0",
		"corner_radius": 16,
		"aa_alpha": "0xff",
		"font_family": 17,
		"font_size": 2,
		"title_font_size": 7,
		"aa_corner_radius": 16,
		"padding_hor": -17.0,
		"padding_ver": 9.0,
		"padding_ver2": 6.0
	},
	{
		"type": "4x2",
		"label": "Minimalistic",
		"flags": "0x329c",
		"style": 2,
		"bg_color": "#0",
		"text_color": "#ffffffff",
		"icons_color": "#46ffffff",
		"shadow_alpha": "0x0",
		"corner_radius": 6,
		"aa_alpha": "0xff",
		"font_family": 17,
		"font_size": 2,
		"title_font_size": 6,
		"aa_corner_radius": 5,
		"padding_hor": 10,
		"padding_ver": 0
	},
	{
		"type": "4x2",
		"label": "Minimalistic Dark",
		"flags": "0x288",
		"style": 1,
		"bg_color": "#0",
		"text_color": "#ff000000",
		"icons_color": "#3e000000",
		"shadow_alpha": "0x0",
		"corner_radius": 0,
		"aa_alpha": "0xff",
		"font_family": 17,
		"font_size": 3,
		"title_font_size": 10,
		"aa_corner_radius": 0,
		"padding_hor": 0,
		"padding_ver": 0
	},
	{
		"type": "4x1",
		"label": "Minimalistic Light",
		"flags": "0x18",
		"style": 1,
		"bg_color": "#0",
		"text_color": "#ffffffff",
		"icons_color": "#46ffffff",
		"shadow_alpha": "0x0",
		"corner_radius": 0,
		"aa_alpha": "0xff",
		"font_family": 17,
		"font_size": 2,
		"title_font_size": 10,
		"aa_corner_radius": 0,
		"padding_hor": 0,
		"padding_ver": 0
	},
	{
		"type": "4x1",
		"label": "Minimalistic Light 2",
		"flags": "0x18",
		"style": 1,
		"bg_color": "#0",
		"text_color": "#ffffffff",
		"icons_color": "#46ffffff",
		"shadow_alpha": "0x0",
		"corner_radius": 0,
		"aa_alpha": "0xff",
		"font_family": 17,
		"font_size": 2,
		"title_font_size": 7,
		"aa_corner_radius": 0,
		"padding_hor": 0,
		"padding_ver": 0
	},
	{
		"type": "4x2",
		"label": "Text Only",
		"flags": "0x8",
		"style": 1,
		"bg_color": "#0",
		"text_color": "#ffffffff",
		"icons_color": "#ffffff",
		"shadow_alpha": "0x0",
		"corner_radius": 0,
		"aa_alpha": "0xff",
		"font_family": 17,
		"font_size": 3,
		"title_font_size": 7,
		"aa_corner_radius": 0,
		"padding_hor": 0,
		"padding_ver": 0
	},
	{
		"label": "Text Only 2",
		"flags": "0x8",
		"style": 1,
		"bg_color": "#0",
		"text_color": "#ff000000",
		"icons_color": "#ffffff",
		"shadow_alpha": "0x0",
		"aa_alpha": "0xFF",
		"font_family": 1,
		"font_size": 3,
		"title_font_size": 10
	},
	{
		"type": "4x1",
		"label": "Rectangle MU",
		"flags": "0x3018",
		"style": 2,
		"bg_color": "#5f3d0603",
		"bg_color_res": "@17170498",
		"text_color": "#ffffffff",
		"icons_color": "#ffffdad2",
		"icons_color_res": "@17170490",
		"shadow_alpha": "0x0",
		"corner_radius": 0,
		"aa_alpha": "0xff",
		"font_family": 17,
		"font_size": 2,
		"title_font_size": 6,
		"aa_corner_radius": 0,
		"padding_hor": 0,
		"padding_ver": 0
	},
	{
		"type": "4x1",
		"label": "Rectangle MU 2",
		"flags": "0x3018",
		"style": 2,
		"bg_color": "#5f2d1511",
		"bg_color_res": "@17170511",
		"text_color": "#fffffbfa",
		"text_color_res": "@17170501",
		"icons_color": "#ffffdad3",
		"icons_color_res": "@17170503",
		"shadow_alpha": "0x0",
		"corner_radius": 0,
		"aa_alpha": "0xff",
		"font_family": 17,
		"font_size": 2,
		"title_font_size": 6,
		"aa_corner_radius": 0,
		"padding_hor": 0,
		"padding_ver": 0
	},
	{
		"type": "4x1",
		"label": "Rectangle MU 3",
		"flags": "0x3018",
		"style": 2,
		"bg_color": "#5f261a00",
		"bg_color_res": "@17170524",
		"text_color": "#ffffefce",
		"text_color_res": "@17170515",
		"icons_color": "#ffffdf96",
		"icons_color_res": "@17170516",
		"shadow_alpha": "0x0",
		"corner_radius": 0,
		"aa_alpha": "0xff",
		"font_family": 17,
		"font_size": 2,
		"title_font_size": 6,
		"aa_corner_radius": 0,
		"padding_hor": 0,
		"padding_ver": 0
	},
	{
		"type": "4x2",
		"label": "Flat 2",
		"flags": "0x1298",
		"style": 7,
		"bg_color": "#ff002117",
		"bg_color_res": "@17170524",
		"text_color": "#ffffffff",
		"icons_color": "#ffffffff",
		"shadow_alpha": "0x0",
		"corner_radius": 15,
		"aa_alpha": "0xc7",
		"font_family": 15,
		"font_size": 4,
		"title_font_size": 6,
		"aa_corner_radius": 15,
		"padding_hor": 45,
		"padding_ver": 1,
		"padding_ver2": 9,
		"text_align": 0,
		"theme": 1,
		"button_color": "#ff000000"
	},
	{
		"type": "4x2",
		"label": "Material U Background 2",
		"flags": "0x1088",
		"style": 1,
		"bg_color": "#ff1d1d00",
		"bg_color_res": "@17170498",
		"text_color": "#ffe8e78f",
		"text_color_res": "@17170490",
		"icons_color": "#ffcbcb76",
		"icons_color_res": "@17170491",
		"shadow_alpha": "0x0",
		"corner_radius": 8,
		"aa_alpha": "0xff",
		"font_family": 3,
		"font_size": 4,
		"title_font_size": 7,
		"aa_corner_radius": 5,
		"padding_hor": -8,
		"padding_ver": 12,
		"padding_ver2": 12,
		"text_align": 0,
		"theme": 0,
		"button_color": "#ff000000"
	},
	{"label":"Thin","flags":"0x320c","style":1,"bg_color":"#2e000000","text_color":"#ffffffff","icons_color":"#ffffffff",
		"shadow_alpha":"0x9a","aa_alpha": "0xFF","font_family":4,"font_size":4,"title_font_size":6,
		"aa_corner_radius": 2},

	{
		"label": "Big Text 1",
		"flags": "0x301c",
		"style": 1,
		"bg_color": "#0",
		"text_color": "#ffffffff",
		"icons_color": "#b0ffffff",
		"shadow_alpha": "0x0",
		"aa_alpha": "0xFF",
		"font_family": 1,
		"font_size": 1,
		"title_font_size": 7
	},
	{
		"label": "Big Text 2",
		"flags": "0x301c",
		"style": 1,
		"bg_color": "#5d000000",
		"text_color": "#ffffffff",
		"icons_color": "#b0ffffff",
		"shadow_alpha": "0x0",
		"aa_alpha": "0xFF",
		"font_family": 5,
		"font_size": 1,
		"title_font_size": 7
	},
	{
		"type": "4x2",
		"label": "White",
		"flags": "0x309c",
		"style": 1,
		"bg_color": "#eeffffff",
		"text_color": "#ff000000",
		"icons_color": "#ff000000",
		"shadow_alpha": "0x0",
		"corner_radius": 6,
		"aa_alpha": "0xff",
		"font_family": 17,
		"font_size": 3,
		"title_font_size": 7,
		"aa_corner_radius": 6,
		"padding_hor": -14,
		"padding_ver": 3,
		"padding_ver2": 17,
		"text_align": 0,
		"theme": 3,
		"button_color": "#ffe4e4e4"
	},
	{
		"type": "4x2",
		"label": "Blue",
		"flags": "0x301c",
		"style": 5,
		"bg_color": "#cf6599e4",
		"text_color": "#ffffffff",
		"icons_color": "#ffedf8ff",
		"shadow_alpha": "0x99",
		"corner_radius": 4,
		"aa_alpha": "0xff",
		"font_family": 17,
		"font_size": 2,
		"title_font_size": 6,
		"aa_corner_radius": 6,
		"padding_hor": 0,
		"padding_ver": 5
	}
]

