[
  {
    "type": "4x4",
    "label": "Rounded Material U",
    "flags": "0x2298",
    "style": 4,
    "bg_color": "#e52e2f41",
    "bg_color_res": "@17170510",
    "text_color": "#ffffffff",
    "text_color_res": "@17170500",
    "icons_color": "#ffffffff",
    "icons_color_res": "@17170487",
    "shadow_alpha": "0x0",
    "corner_radius": 14,
    "aa_alpha": "0xff",
    "font_family": 17,
    "font_size": 3,
    "title_font_size": 5,
    "aa_corner_radius": 15,
    "padding_hor": 19.0,
    "padding_ver": 22.0,
    "padding_ver2": 0.0,
    "text_align": 0,
    "theme": 0,
    "button_color": "#ff6d70b3",
    "button_color_res": "@17170494"
  },
  {
    "type": "4x4",
    "label": "Rounded Material U 2",
    "flags": "0x2298",
    "style": 4,
    "bg_color": "@17170490",
    "text_color": "@17170509",
    "icons_color": "@17170494",
    "shadow_alpha": "0x0",
    "aa_alpha": "0xff",
    "font_family": 17,
    "font_size": 3,
    "title_font_size": 5,
    "theme": 2,
    "corner_radius": 16,
    "aa_corner_radius": 15,
    "padding_hor": 13.0,
    "padding_ver": 19.0,
    "padding_ver2": 0.0,
    "button_color": "@17170494"
  },
  {
    "type": "4x4",
    "label": "Rounded MU Inv",
    "flags": "0x2298",
    "style": 4,
    "bg_color": "#ff323200",
    "bg_color_res": "@17170497",
    "text_color": "#fff6f59c",
    "text_color_res": "@17170489",
    "icons_color": "#ffe8e78f",
    "icons_color_res": "@17170490",
    "shadow_alpha": "0x0",
    "aa_alpha": "0xff",
    "font_family": 17,
    "font_size": 3,
    "title_font_size": 5,
    "corner_radius": 16,
    "aa_corner_radius": 15,
    "padding_hor": 13.0,
    "padding_ver": 19.0,
    "padding_ver2": 0.0,
    "text_align": 0,
    "theme": 2,
    "button_color": "#ff79792e",
    "button_color_res": "@17170494"
  },
  {
    "type": "4x4",
    "label": "Rounded Material U 3",
    "flags": "0x2298",
    "style": 4,
    "bg_color": "@17170516",
    "text_color": "@17170522",
    "icons_color": "@17170521",
    "shadow_alpha": "0x0",
    "aa_alpha": "0xff",
    "font_family": 17,
    "font_size": 3,
    "title_font_size": 6,
    "corner_radius": 16,
    "aa_corner_radius": 15,
    "padding_hor": 13.0,
    "padding_ver": 19.0,
    "padding_ver2": 0.0,
    "theme": 2,
    "button_color": "@17170521"
  },
  {
    "type": "4x4",
    "label": "Rounded Material U 4",
    "flags": "0x2298",
    "style": 4,
    "bg_color": "@17170479",
    "text_color": "@17170485",
    "icons_color": "@17170484",
    "shadow_alpha": "0x0",
    "aa_alpha": "0xff",
    "font_family": 17,
    "font_size": 3,
    "title_font_size": 6,
    "corner_radius": 16,
    "aa_corner_radius": 15,
    "padding_hor": 13.0,
    "padding_ver": 19.0,
    "padding_ver2": 0.0,
    "theme": 3,
    "button_color": "@17170480"
  },
  {
    "type": "4x4",
    "label": "MU 1",
    "flags": "0x2298",
    "style": 4,
    "bg_color": "#ffbfecd8",
    "bg_color_res": "@17170516",
    "text_color": "#ff0b372a",
    "text_color_res": "@17170523",
    "icons_color": "#ff254e40",
    "icons_color_res": "@17170522",
    "shadow_alpha": "0x0",
    "corner_radius": 8,
    "aa_alpha": "0xff",
    "font_family": 17,
    "font_size": 3,
    "title_font_size": 5,
    "aa_corner_radius": 8,
    "padding_hor": 6.0,
    "padding_ver": 11.0,
    "padding_ver2": 0.0,
    "text_align": 0,
    "theme": 4,
    "button_color": "#ff89b4a2",
    "button_color_res": "@17170518"
  },
  {
    "type": "4x4",
    "label": "MU 2 Inv",
    "flags": "0x2298",
    "style": 4,
    "bg_color": "#d62e2f41",
    "bg_color_res": "@17170510",
    "text_color": "#ffffecf6",
    "text_color_res": "@17170515",
    "icons_color": "#ffe2e0f9",
    "icons_color_res": "@17170503",
    "shadow_alpha": "0x0",
    "corner_radius": 8,
    "aa_alpha": "0xff",
    "font_family": 17,
    "font_size": 3,
    "title_font_size": 5,
    "aa_corner_radius": 8,
    "padding_hor": 6.0,
    "padding_ver": 11.0,
    "padding_ver2": 0.0,
    "text_align": 0,
    "theme": 4,
    "button_color": "#ff444559",
    "button_color_res": "@17170509"
  },
  {
    "type": "4x4",
    "label": "MU 2",
    "flags": "0x2298",
    "style": 4,
    "bg_color": "#ffe7e4bf",
    "bg_color_res": "@17170503",
    "text_color": "#ff0b372a",
    "text_color_res": "@17170523",
    "icons_color": "#ff48482d",
    "icons_color_res": "@17170509",
    "shadow_alpha": "0x0",
    "corner_radius": 8,
    "aa_alpha": "0xff",
    "font_family": 17,
    "font_size": 3,
    "title_font_size": 5,
    "aa_corner_radius": 8,
    "padding_hor": 6.0,
    "padding_ver": 11.0,
    "padding_ver2": 0.0,
    "text_align": 0,
    "theme": 4,
    "button_color": "#ffaead8b",
    "button_color_res": "@17170505"
  },
  {
    "type": "4x4",
    "label": "MU 3 Inv",
    "flags": "0x2298",
    "style": 4,
    "bg_color": "#ff323200",
    "bg_color_res": "@17170497",
    "text_color": "#fff5f3cd",
    "text_color_res": "@17170502",
    "icons_color": "#ffe8e78f",
    "icons_color_res": "@17170490",
    "shadow_alpha": "0x0",
    "corner_radius": 8,
    "aa_alpha": "0xff",
    "font_family": 17,
    "font_size": 3,
    "title_font_size": 5,
    "aa_corner_radius": 8,
    "padding_hor": 6.0,
    "padding_ver": 11.0,
    "padding_ver2": 0.0,
    "text_align": 0,
    "theme": 4,
    "button_color": "#ff494900",
    "button_color_res": "@17170496"
  },
  {
    "type": "4x4",
    "label": "MU 4",
    "flags": "0x2298",
    "style": 4,
    "bg_color": "#ffcbcb76",
    "bg_color_res": "@17170491",
    "text_color": "#ff494900",
    "text_color_res": "@17170496",
    "icons_color": "#ff494900",
    "icons_color_res": "@17170496",
    "shadow_alpha": "0x0",
    "corner_radius": 8,
    "aa_alpha": "0xff",
    "font_family": 17,
    "font_size": 3,
    "title_font_size": 5,
    "aa_corner_radius": 8,
    "padding_hor": 6.0,
    "padding_ver": 11.0,
    "padding_ver2": 0.0,
    "text_align": 0,
    "theme": 4,
    "button_color": "#ffe8e78f",
    "button_color_res": "@17170490"
  },
  {
    "type": "4x4",
    "label": "Circle",
    "flags": "0x301c",
    "style": 0,
    "bg_color": "@17170497",
    "text_color": "@17170488",
    "icons_color": "@17170490",
    "shadow_alpha": "0x0",
    "corner_radius": 15,
    "aa_alpha": "0xff",
    "font_family": 17,
    "font_size": 2,
    "title_font_size": 6,
    "aa_corner_radius": 16,
    "padding_hor": 0,
    "padding_ver": 0,
    "theme": 1,
    "button_color": "@17170497"
  },
  {
    "type": "4x4",
    "label": "Circle 2",
    "flags": "0x301c",
    "style": 0,
    "bg_color": "@17170497",
    "text_color": "@17170515",
    "icons_color": "@17170516",
    "shadow_alpha": "0x0",
    "corner_radius": 15,
    "aa_alpha": "0xff",
    "font_family": 17,
    "font_size": 2,
    "title_font_size": 6,
    "aa_corner_radius": 16,
    "padding_hor": 0,
    "padding_ver": 0,
    "theme": 1,
    "button_color": "@17170523"
  },
  {
    "type": "4x4",
    "label": "No controls",
    "flags": "0x301c",
    "style": 1,
    "bg_color": "#ff591c13",
    "bg_color_res": "@17170497",
    "text_color": "#fffffbfa",
    "text_color_res": "@17170488",
    "icons_color": "#ffdad2",
    "icons_color_res": "@17170490",
    "shadow_alpha": "0x0",
    "corner_radius": 15,
    "aa_alpha": "0xff",
    "font_family": 17,
    "font_size": 2,
    "title_font_size": 6,
    "aa_corner_radius": 16,
    "padding_hor": 32,
    "padding_ver": 0,
    "theme": 1,
    "button_color": "#ff591c13",
    "button_color_res": "@17170497"
  },
  {
    "label": "Mininalistic 1",
    "flags": "0x1088",
    "style": 0,
    "bg_color": "#8a000000",
    "text_color": "#ffffffff",
    "icons_color": "#7dffffff",
    "shadow_alpha": "0x00",
    "aa_alpha": "0xff",
    "font_family": 0,
    "font_size": 3,
    "title_font_size": 6,
    "theme": 0,
    "aa_corner_radius": 5
  },
  {
    "type": "4x4",
    "label": "With Background",
    "flags": "0x2bc",
    "style": 6,
    "bg_color": "#8a000000",
    "text_color": "#ffffffff",
    "icons_color": "#ffffffff",
    "shadow_alpha": "0x0",
    "corner_radius": 0,
    "aa_alpha": "0xff",
    "font_family": 3,
    "font_size": 4,
    "title_font_size": 6,
    "aa_corner_radius": 0,
    "padding_hor": 0,
    "padding_ver": 0,
    "theme": 0,
    "button_color": "#ff000000"
  },
  {
    "label": "Mininalistic 2",
    "flags": "0x88",
    "style": 0,
    "bg_color": "#8a000000",
    "text_color": "#ff000000",
    "icons_color": "#7d000000",
    "shadow_alpha": "0x00",
    "aa_alpha": "0xff",
    "font_family": 0,
    "font_size": 3,
    "title_font_size": 6,
    "theme": 0,
    "aa_corner_radius": 12
  },
  {
    "label": "Big Text",
    "flags": "0x201c",
    "style": 1,
    "bg_color": "#0",
    "text_color": "#ffffffff",
    "icons_color": "#b0ffffff",
    "shadow_alpha": "0x0",
    "aa_alpha": "0xFF",
    "font_family": 17,
    "font_size": 7,
    "title_font_size": 10,
    "aa_corner_radius": 4
  },
  {
    "label": "Plain Full",
    "flags": "0x229c",
    "style": 5,
    "bg_color": "#55000000",
    "text_color": "#ffffffff",
    "icons_color": "#ffffffff",
    "shadow_alpha": "0x9f",
    "aa_alpha": "0xff",
    "font_family": 0,
    "font_size": 3,
    "title_font_size": 4,
    "theme": 1
  },
  {
    "label": "Classic",
    "flags": "0x294",
    "style": 2,
    "bg_color": "#55000000",
    "text_color": "#ffe4f2ff",
    "icons_color": "#ffffffff",
    "shadow_alpha": "0",
    "aa_alpha": "0xff",
    "font_family": 0,
    "font_size": 3,
    "title_font_size": 4,
    "theme": 1
  }
]

